profile,src
instagram,https://scontent-ssn1-1.cdninstagram.com/v/t51.2885-19/s320x320/203019087_3969530746500786_7930596639916235962_n.jpg?_nc_ht=scontent-ssn1-1.cdninstagram.com&_nc_cat=1&_nc_ohc=WAQg3z36kEIAX_iBox8&edm=ABfd0MgBAAAA&ccb=7-4&oh=ee3a627b2f48bad8ec12e8481796400d&oe=6199E9B3&_nc_sid=7bff83
cristiano,https://scontent-ssn1-1.cdninstagram.com/v/t51.2885-19/s320x320/67310557_649773548849427_4130659181743046656_n.jpg?_nc_ht=scontent-ssn1-1.cdninstagram.com&_nc_cat=1&_nc_ohc=y2YxO4tSuKEAX-mNQd-&edm=ABfd0MgBAAAA&ccb=7-4&oh=d6a5dc9dea14cb1f9c3b426ced3b163c&oe=619B7523&_nc_sid=7bff83
kyliejenner,https://scontent-ssn1-1.cdninstagram.com/v/t51.2885-19/s320x320/176018991_452915632660151_2452110499084252327_n.jpg?_nc_ht=scontent-ssn1-1.cdninstagram.com&_nc_cat=1&_nc_ohc=CstJTZ6swD8AX9gVrpK&tn=6N6SBJWwyULHl0m2&edm=ABfd0MgBAAAA&ccb=7-4&oh=a1adaf8b986606c162e57712f2a82cb2&oe=619B2B86&_nc_sid=7bff83
leomessi,https://scontent-ssn1-1.cdninstagram.com/v/t51.2885-19/s320x320/43818140_2116018831763532_3803033961098117120_n.jpg?_nc_ht=scontent-ssn1-1.cdninstagram.com&_nc_cat=1&_nc_ohc=8WRmoJIVjsIAX-Ypf-Z&edm=ABfd0MgBAAAA&ccb=7-4&oh=e830d61c509ca17b984035acb956e2e0&oe=619A2332&_nc_sid=7bff83
therock,https://scontent-ssn1-1.cdninstagram.com/v/t51.2885-19/11850309_1674349799447611_206178162_a.jpg?_nc_ht=scontent-ssn1-1.cdninstagram.com&_nc_cat=1&_nc_ohc=TzZHvo5Wc4sAX82VZsb&tn=6N6SBJWwyULHl0m2&edm=ABfd0MgBAAAA&ccb=7-4&oh=9bf847a408a888b32ae6a4b5a300b297&oe=619AF584&_nc_sid=7bff83
arianagrande,https://scontent-ssn1-1.cdninstagram.com/v/t51.2885-19/s320x320/243283253_580988179688935_8877892167513690479_n.jpg?_nc_ht=scontent-ssn1-1.cdninstagram.com&_nc_cat=1&_nc_ohc=n_fhzjP1A9kAX8ZKfqh&tn=6N6SBJWwyULHl0m2&edm=ABfd0MgBAAAA&ccb=7-4&oh=4bc6331f09570496e4c46eaee302da7f&oe=619ACABD&_nc_sid=7bff83
selenagomez,https://scontent-ssn1-1.cdninstagram.com/v/t51.2885-19/s320x320/158403048_267574171613542_395084474579786986_n.jpg?_nc_ht=scontent-ssn1-1.cdninstagram.com&_nc_cat=1&_nc_ohc=djs0Pmb8-vgAX8pDsQM&edm=ABfd0MgBAAAA&ccb=7-4&oh=b9da33ad81a0f1e9c8fe756cc96eb224&oe=619ACA72&_nc_sid=7bff83
kimkardashian,https://scontent-ssn1-1.cdninstagram.com/v/t51.2885-19/s320x320/255564434_223552523198269_7074572262101866547_n.jpg?_nc_ht=scontent-ssn1-1.cdninstagram.com&_nc_cat=1&_nc_ohc=7j7NmwTfBMgAX_M8vN3&edm=ABfd0MgBAAAA&ccb=7-4&oh=3d14f1aaf1e2cd189153f26905246cc0&oe=6199E9D2&_nc_sid=7bff83
beyonce,https://scontent-ssn1-1.cdninstagram.com/v/t51.2885-19/s320x320/235361107_128434949500013_936815481230605296_n.jpg?_nc_ht=scontent-ssn1-1.cdninstagram.com&_nc_cat=1&_nc_ohc=O5MjhBKgvkQAX8dYNCE&edm=ABfd0MgBAAAA&ccb=7-4&oh=e9c019784088cdadcb1c4ae57370067a&oe=619AFFD9&_nc_sid=7bff83
justinbieber,https://scontent-ssn1-1.cdninstagram.com/v/t51.2885-19/s320x320/242539871_390889229145064_4449835560133362267_n.jpg?_nc_ht=scontent-ssn1-1.cdninstagram.com&_nc_cat=1&_nc_ohc=LhAB-4KP8fwAX-PILvY&edm=ABfd0MgBAAAA&ccb=7-4&oh=9f88fde8c9367454be826a15afca67ec&oe=619A80A9&_nc_sid=7bff83
kendalljenner,https://scontent-ssn1-1.cdninstagram.com/v/t51.2885-19/s320x320/135811429_139036817943437_5718038198453340319_n.jpg?_nc_ht=scontent-ssn1-1.cdninstagram.com&_nc_cat=1&_nc_ohc=L7knbZKIEOEAX_MemBS&edm=ABfd0MgBAAAA&ccb=7-4&oh=00f7bda129eb870402fc720fe32e93a2&oe=619A7C85&_nc_sid=7bff83
khloekardashian,https://scontent-ssn1-1.cdninstagram.com/v/t51.2885-19/s320x320/256752195_124571789982230_6682261659628413428_n.jpg?_nc_ht=scontent-ssn1-1.cdninstagram.com&_nc_cat=1&_nc_ohc=29vn_CDCEYsAX8pkrU0&edm=ABfd0MgBAAAA&ccb=7-4&oh=519df13457f88d2a6d25e5476ab3ac8a&oe=619AA31B&_nc_sid=7bff83
natgeo,https://scontent-ssn1-1.cdninstagram.com/v/t51.2885-19/s320x320/95140556_594026277870211_4156802974091313152_n.jpg?_nc_ht=scontent-ssn1-1.cdninstagram.com&_nc_cat=1&_nc_ohc=w9KW4bDs0a8AX_gFer9&edm=ABfd0MgBAAAA&ccb=7-4&oh=7dedcca66bf23adfbf6ca4df0572c777&oe=619A9F54&_nc_sid=7bff83
taylorswift,https://scontent-ssn1-1.cdninstagram.com/v/t51.2885-19/s320x320/203390676_6325176860841825_830428569594643688_n.jpg?_nc_ht=scontent-ssn1-1.cdninstagram.com&_nc_cat=1&_nc_ohc=mXR4Xb4oMlsAX9gQD9h&tn=6N6SBJWwyULHl0m2&edm=ABfd0MgBAAAA&ccb=7-4&oh=96573eb8ade591d32714a8f9addbbad6&oe=6199E611&_nc_sid=7bff83
jlo,https://scontent-ssn1-1.cdninstagram.com/v/t51.2885-19/s320x320/209558681_1640972952757136_6539535916736651182_n.jpg?_nc_ht=scontent-ssn1-1.cdninstagram.com&_nc_cat=1&_nc_ohc=CCdNT4lxfNUAX-Le838&edm=ABfd0MgBAAAA&ccb=7-4&oh=c2d85450a464f7ba5a4305e634c1ddee&oe=619AB79C&_nc_sid=7bff83
nike,https://scontent-ssn1-1.cdninstagram.com/v/t51.2885-19/s320x320/26155970_1584552474997482_4541081815552622592_n.jpg?_nc_ht=scontent-ssn1-1.cdninstagram.com&_nc_cat=1&_nc_ohc=ERmMw6kdaWkAX-FL2ch&edm=ABfd0MgBAAAA&ccb=7-4&oh=46873379f3d11fc604d6a1d6994f10a1&oe=619B99F6&_nc_sid=7bff83
neymarjr,https://scontent-ssn1-1.cdninstagram.com/v/t51.2885-19/s320x320/241700105_533307897777706_2816124603197782514_n.jpg?_nc_ht=scontent-ssn1-1.cdninstagram.com&_nc_cat=1&_nc_ohc=iB0qYSbYdRUAX-dxwDw&tn=6N6SBJWwyULHl0m2&edm=ABfd0MgBAAAA&ccb=7-4&oh=684e042fa7221b180f0dd9bee779b41a&oe=619A9B10&_nc_sid=7bff83
virat.kohli,https://scontent-ssn1-1.cdninstagram.com/v/t51.2885-19/s320x320/185466449_305837781129295_8458191177794847571_n.jpg?_nc_ht=scontent-ssn1-1.cdninstagram.com&_nc_cat=1&_nc_ohc=yUwNyW0dg9oAX-7gstb&edm=ABfd0MgBAAAA&ccb=7-4&oh=d59e0c06707f9b66cfc70e3ed9985c6f&oe=619AC7E2&_nc_sid=7bff83
nickiminaj,https://scontent-ssn1-1.cdninstagram.com/v/t51.2885-19/s320x320/72556579_571769680249541_6530533537760673792_n.jpg?_nc_ht=scontent-ssn1-1.cdninstagram.com&_nc_cat=1&_nc_ohc=8_LAsiylrb8AX9mI-GX&tn=6N6SBJWwyULHl0m2&edm=ABfd0MgBAAAA&ccb=7-4&oh=0c42eef2a4366865f66b676b1f592480&oe=619A1723&_nc_sid=7bff83
mileycyrus,https://scontent-ssn1-1.cdninstagram.com/v/t51.2885-19/s320x320/245791642_1598448833831779_1657924212725419645_n.jpg?_nc_ht=scontent-ssn1-1.cdninstagram.com&_nc_cat=1&_nc_ohc=VZQaPVI6_0QAX-K_Un7&edm=ABfd0MgBAAAA&ccb=7-4&oh=bfff3601b33832f7e432e460b3189710&oe=6199D3A4&_nc_sid=7bff83
